<?xml version="1.0" encoding="UTF-8"?>
<!DOCTYPE plist PUBLIC "-//Apple//DTD PLIST 1.0//EN" "http://www.apple.com/DTDs/PropertyList-1.0.dtd">
<plist version="1.0">
<dict>
	<key>files</key>
	<dict/>
	<key>files2</key>
	<dict>
		<key>PlugIns/VoodooGPIO.kext</key>
		<dict>
			<key>cdhash</key>
			<data>
			C3vUS1t5dPaIxKMS1tRDx9bBtwA=
			</data>
			<key>requirement</key>
			<string>cdhash H"915d44bfd61c68f28ba9a46738a38417beb9276e" or cdhash H"0b7bd44b5b7974f688c4a312d6d443c7d6c1b700"</string>
		</dict>
		<key>PlugIns/VoodooI2CServices.kext</key>
		<dict>
			<key>cdhash</key>
			<data>
			a7Gt9MmUY4EyRwOUrlqQHYkQAJs=
			</data>
			<key>requirement</key>
			<string>cdhash H"c442c3900758cc9d5e386d25eaf25f837cab8bba" or cdhash H"6bb1adf4c994638132470394ae5a901d8910009b"</string>
		</dict>
		<key>PlugIns/VoodooInput.kext</key>
		<dict>
			<key>cdhash</key>
			<data>
			0dJeCnboKCACzfEjDf4lHU7366E=
			</data>
			<key>requirement</key>
			<string>cdhash H"c3faed15c0f4455b50e247f0dfa2b26b9c1e0667" or cdhash H"d1d25e0a76e8282002cdf1230dfe251d4ef7eba1"</string>
		</dict>
	</dict>
	<key>rules</key>
	<dict>
		<key>^Resources/</key>
		<true/>
		<key>^Resources/.*\.lproj/</key>
		<dict>
			<key>optional</key>
			<true/>
			<key>weight</key>
			<real>1000</real>
		</dict>
		<key>^Resources/.*\.lproj/locversion.plist$</key>
		<dict>
			<key>omit</key>
			<true/>
			<key>weight</key>
			<real>1100</real>
		</dict>
		<key>^Resources/Base\.lproj/</key>
		<dict>
			<key>weight</key>
			<real>1010</real>
		</dict>
		<key>^version.plist$</key>
		<true/>
	</dict>
	<key>rules2</key>
	<dict>
		<key>.*\.dSYM($|/)</key>
		<dict>
			<key>weight</key>
			<real>11</real>
		</dict>
		<key>^(.*/)?\.DS_Store$</key>
		<dict>
			<key>omit</key>
			<true/>
			<key>weight</key>
			<real>2000</real>
		</dict>
		<key>^(Frameworks|SharedFrameworks|PlugIns|Plug-ins|XPCServices|Helpers|MacOS|Library/(Automator|Spotlight|LoginItems))/</key>
		<dict>
			<key>nested</key>
			<true/>
			<key>weight</key>
			<real>10</real>
		</dict>
		<key>^.*</key>
		<true/>
		<key>^Info\.plist$</key>
		<dict>
			<key>omit</key>
			<true/>
			<key>weight</key>
			<real>20</real>
		</dict>
		<key>^PkgInfo$</key>
		<dict>
			<key>omit</key>
			<true/>
			<key>weight</key>
			<real>20</real>
		</dict>
		<key>^Resources/</key>
		<dict>
			<key>weight</key>
			<real>20</real>
		</dict>
		<key>^Resources/.*\.lproj/</key>
		<dict>
			<key>optional</key>
			<true/>
			<key>weight</key>
			<real>1000</real>
		</dict>
		<key>^Resources/.*\.lproj/locversion.plist$</key>
		<dict>
			<key>omit</key>
			<true/>
			<key>weight</key>
			<real>1100</real>
		</dict>
		<key>^Resources/Base\.lproj/</key>
		<dict>
			<key>weight</key>
			<real>1010</real>
		</dict>
		<key>^[^/]+$</key>
		<dict>
			<key>nested</key>
			<true/>
			<key>weight</key>
			<real>10</real>
		</dict>
		<key>^embedded\.provisionprofile$</key>
		<dict>
			<key>weight</key>
			<real>20</real>
		</dict>
		<key>^version\.plist$</key>
		<dict>
			<key>weight</key>
			<real>20</real>
		</dict>
	</dict>
</dict>
</plist>
